{"text": " Bir g\u00fcn ger\u00e7ek sand\u0131\u011f\u0131n \u015fey k\u0131r\u0131labilir, o \u00e7ok inand\u0131\u011f\u0131n ki\u015fi seni yar\u0131 yolda b\u0131rakabilir, g\u00fcvendi\u011fin sistem, \u00e7\u00f6ker, d\u00fc\u015f\u00fcncelerim bile sana yabanc\u0131 gelebilir. Ve sen kendini bir bo\u015flu\u011fun i\u00e7inde bulabilirsin. Ama i\u015fte tam oras\u0131d\u0131r, i\u00e7indeki en g\u00fc\u00e7l\u00fc ses'e yakla\u015ft\u0131\u011f\u0131n yer, \u00e7\u00fcnk\u00fc k\u0131r\u0131lan her \u015fey bir \u015feyi a\u00e7\u0131\u011fa \u00e7\u0131kar\u0131r. Ger\u00e7ek seni, g\u00f6lge gitti\u011finde kalan \u0131\u015f\u0131kt\u0131r, ve sen \u0131\u015f\u0131\u011f\u0131n\u0131 yeniden hat\u0131rlars\u0131n.", "segments": [{"id": 0, "seek": 0, "start": 0.0, "end": 11.48, "text": " Bir g\u00fcn ger\u00e7ek sand\u0131\u011f\u0131n \u015fey k\u0131r\u0131labilir, o \u00e7ok inand\u0131\u011f\u0131n ki\u015fi seni yar\u0131 yolda b\u0131rakabilir, g\u00fcvendi\u011fin sistem, \u00e7\u00f6ker, d\u00fc\u015f\u00fcncelerim bile sana yabanc\u0131 gelebilir.", "tokens": [50364, 7145, 14472, 24944, 4932, 39710, 6517, 33414, 5492, 21711, 11, 277, 7343, 294, 474, 39710, 47462, 21897, 288, 18318, 288, 2641, 64, 24179, 21711, 11, 18148, 85, 13021, 31955, 45758, 11, 1844, 973, 5767, 11, 21755, 4933, 260, 332, 18729, 15490, 288, 455, 4463, 699, 20234, 30959, 13, 50938], "temperature": 0.0, "avg_logprob": -0.25223665590639466, "compression_ratio": 1.6076388888888888, "no_speech_prob": 0.015176226384937763}, {"id": 1, "seek": 0, "start": 11.48, "end": 14.48, "text": " Ve sen kendini bir bo\u015flu\u011fun i\u00e7inde bulabilirsin.", "tokens": [50938, 9706, 3151, 17016, 3812, 1904, 37636, 2781, 1640, 409, 34283, 6493, 5177, 43384, 13, 51088], "temperature": 0.0, "avg_logprob": -0.25223665590639466, "compression_ratio": 1.6076388888888888, "no_speech_prob": 0.015176226384937763}, {"id": 2, "seek": 0, "start": 14.48, "end": 22.2, "text": " Ama i\u015fte tam oras\u0131d\u0131r, i\u00e7indeki en g\u00fc\u00e7l\u00fc ses'e yakla\u015ft\u0131\u011f\u0131n yer, \u00e7\u00fcnk\u00fc k\u0131r\u0131lan her \u015fey bir \u015feyi a\u00e7\u0131\u011fa \u00e7\u0131kar\u0131r.", "tokens": [51088, 14171, 19804, 7677, 420, 12700, 23091, 11, 6058, 471, 14753, 465, 48015, 25288, 5385, 6, 68, 18603, 16803, 83, 39710, 12954, 11, 36336, 33414, 50095, 720, 6517, 1904, 31735, 12930, 7366, 64, 41097, 3702, 13, 51474], "temperature": 0.0, "avg_logprob": -0.25223665590639466, "compression_ratio": 1.6076388888888888, "no_speech_prob": 0.015176226384937763}, {"id": 3, "seek": 0, "start": 22.2, "end": 29.0, "text": " Ger\u00e7ek seni, g\u00f6lge gitti\u011finde kalan \u0131\u015f\u0131kt\u0131r, ve sen \u0131\u015f\u0131\u011f\u0131n\u0131 yeniden hat\u0131rlars\u0131n.", "tokens": [51474, 9409, 19088, 21897, 11, 7105, 75, 432, 37700, 1640, 8274, 7788, 282, 220, 4951, 25207, 3702, 11, 1241, 3151, 220, 4951, 33007, 21570, 4380, 47323, 75, 685, 2263, 13, 51814], "temperature": 0.0, "avg_logprob": -0.25223665590639466, "compression_ratio": 1.6076388888888888, "no_speech_prob": 0.015176226384937763}], "language": "Turkish"}