{"text": " Hi\u00e7bir \u015fey kalmad\u0131\u011f\u0131nda, ger\u00e7ek ba\u015flar, kalabal\u0131klar gitmi\u015ftir, sesler susmu\u015ftur, sadece sen ve geriye kalan, o sars\u0131c\u0131 sessizlik. Ama tam orada en k\u0131z\u0131n ortas\u0131nda bir titre\u015fim olur. Anlam, belki ac\u0131n\u0131n i\u00e7inden do\u011far, belki de hi\u00e7 olmad\u0131\u011f\u0131n\u0131 sand\u0131\u011f\u0131m bir yerden gelir, ama gelir. \u00c7\u00fcnk\u00fc insan y\u0131k\u0131m\u0131n i\u00e7inde bile umut kuran bir varl\u0131kt\u0131r.", "segments": [{"id": 0, "seek": 0, "start": 0.0, "end": 9.0, "text": " Hi\u00e7bir \u015fey kalmad\u0131\u011f\u0131nda, ger\u00e7ek ba\u015flar, kalabal\u0131klar gitmi\u015ftir, sesler susmu\u015ftur, sadece sen ve geriye kalan, o sars\u0131c\u0131 sessizlik.", "tokens": [50364, 33410, 10119, 6517, 7788, 16413, 7366, 8431, 11, 24944, 8694, 2200, 11, 7788, 455, 304, 4157, 2200, 18331, 10510, 24000, 11, 5385, 1918, 3291, 30378, 24906, 11, 32945, 3151, 1241, 5713, 30306, 7788, 282, 11, 277, 262, 685, 699, 31803, 262, 442, 590, 13462, 13, 50814], "temperature": 0.0, "avg_logprob": -0.22271390546832168, "compression_ratio": 1.526530612244898, "no_speech_prob": 0.009259494952857494}, {"id": 1, "seek": 0, "start": 9.0, "end": 12.3, "text": " Ama tam orada en k\u0131z\u0131n ortas\u0131nda bir titre\u015fim olur.", "tokens": [50814, 14171, 7677, 33570, 465, 15225, 2263, 23564, 33119, 1904, 3459, 265, 1165, 332, 16538, 13, 50979], "temperature": 0.0, "avg_logprob": -0.22271390546832168, "compression_ratio": 1.526530612244898, "no_speech_prob": 0.009259494952857494}, {"id": 2, "seek": 0, "start": 12.3, "end": 18.6, "text": " Anlam, belki ac\u0131n\u0131n i\u00e7inden do\u011far, belki de hi\u00e7 olmad\u0131\u011f\u0131n\u0131 sand\u0131\u011f\u0131m bir yerden gelir, ama gelir.", "tokens": [50979, 1107, 4326, 11, 44596, 696, 21006, 6058, 10291, 18557, 289, 11, 44596, 368, 15169, 13583, 345, 33007, 4932, 24006, 1904, 12954, 1556, 44011, 11, 10889, 44011, 13, 51294], "temperature": 0.0, "avg_logprob": -0.22271390546832168, "compression_ratio": 1.526530612244898, "no_speech_prob": 0.009259494952857494}, {"id": 3, "seek": 0, "start": 18.6, "end": 22.8, "text": " \u00c7\u00fcnk\u00fc insan y\u0131k\u0131m\u0131n i\u00e7inde bile umut kuran bir varl\u0131kt\u0131r.", "tokens": [51294, 26763, 11513, 288, 4157, 2648, 2263, 34283, 18729, 1105, 325, 10072, 282, 1904, 1374, 75, 25207, 3702, 13, 51504], "temperature": 0.0, "avg_logprob": -0.22271390546832168, "compression_ratio": 1.526530612244898, "no_speech_prob": 0.009259494952857494}], "language": "Turkish"}